,MAP_5,MAP_10,MAP_25,MAP_50
portfolio2,0.5433333333333333,0.7071031746031746,0.5968365443876954,0.5174995565513901
